{"cameraMode":{"drawMode":0,"name":"Shaded","section":"Shading Mode"},"sceneLighting":true,"audioPlay":false,"sceneViewState":{"m_AlwaysRefresh":false,"showFog":true,"showSkybox":true,"showFlares":true,"showImageEffects":true,"showParticleSystems":true,"showVisualEffectGraphs":true,"m_FxEnabled":true},"in2DMode":false,"pivot":{"x":-1.3000373840332032,"y":-2.1988344192504885,"z":0.7247037887573242},"rotation":{"x":0.24724379181861878,"y":-0.27663880586624148,"z":0.07388869673013687,"w":0.9256858229637146},"size":5.57935905456543,"orthographic":true}